number;photo_filename;name
"29,29.jpg,Arthur Rufino"
"1,1.jpg,Luis Ribeiro"
"12,12.jpg,Tiago Moutinho"
"15,15.jpg,Afonso Silva"
"14,14.jpg,Artur Santos"
"9,9.jpg,Eduardo Cheganças"
"93,93.jpg,Gabriel Marcelino"
"2,2.jpg,Gonçalo Marques"
"77,77.jpg,João M Correia"
"16,16.jpg,João Mendonça"
"22,22.jpg,João Pedro Oliveira"
"19,19.jpg,Lourenço Cruz"
"78,78.jpg,Martim Coutinho"
"13,13.jpg,Miguel Pinheiro"
"99,99.jpg,Salvador Oliveira"
"21,21.jpg,André Lemos"
"4,4.jpg,António Subtil"
"17,17.jpg,Benjamim Vistulo"
"11,11.jpg,Bernardo Julião"
"7,7.jpg,Francisco Ferreira"
"31,31.jpg,Francisco Mourão"
"27,27.jpg,Gabriel Alves"
"10,10.jpg,Gil Sousa"
"20,20.jpg,Gonçalo Brites"
"6,6.jpg,João Perez"
"25,25.jpg,João Silva"
"26,26.jpg,Lourenço Oliveira"
"8,8.jpg,Luis Marques"
"32,32.jpg,Miguel Canas"
"24,24.jpg,Vasco Português"
